Workbook
Name NativeTimeline_Sale_Date: #N/A
Name Slicer_Loyalty_Card: #N/A
Name Slicer_Membership_Type: #N/A

Sheet sales
A1: Sale_ID | B1: Sale_Date | C1: Customer_ID | D1: Product_SKU | E1: Units_Sold | F1: Customer_Name | G1: Customer_Email | H1: Ship_Country | I1: Book_Genre | J1: Price_Per_Unit | K1: Revenue | L1: Loyalty_Card | M1: Membership_Type | N1: Book_title
A2: SALE-004-2023 | B2: 44941 | C2: CUST-1859 | D2: BK-782355 | E2: 4 | F2: =_xlfn.XLOOKUP(C2,customers!$A$1:$A$983,customers!$B$1:$B$983,,0) -> William Hill | G2: {=_xlfn.XLOOKUP(C2,customers!A2:$A$983,customers!$C$2:$C$983,,0)} -> william.hill841@outlook.com | H2: =IF(_xlfn.XLOOKUP(C2,customers!$A:$A,customers!$G:$G,,0)=0,"",_xlfn.XLOOKUP(C2,customers!$A:$A,customers!$G:$G,,0)) -> Norway | I2: =IF(_xlfn.XLOOKUP(D2,product!$A:$A,product!$E:$E,,0)=0,"",_xlfn.XLOOKUP(D2,product!$A:$A,product!$E:$E,,0)) -> TECH | J2: =IF(_xlfn.XLOOKUP(D2,product!$A:$A,product!$D:$D,,0)=0,"",_xlfn.XLOOKUP(D2,product!$A:$A,product!$D:$D,,0)) -> 34.35 | K2: =J2*E2 -> 137.4 | L2: =IF(_xlfn.XLOOKUP(D2,product!$A:$A,product!$F:$F,,0)=0,"",_xlfn.XLOOKUP(D2,product!$A:$A,product!$F:$F,,0)) -> Yes | M2: =IF(_xlfn.XLOOKUP(D2,product!$A:$A,product!G:G,,0)=0,"",_xlfn.XLOOKUP(D2,product!$A:$A,product!G:G,,0)) -> None | N2: =IF(_xlfn.XLOOKUP(D2,product!$A:$A,product!$B:$B,,0)=0,"",_xlfn.XLOOKUP(D2,product!$A:$A,product!$B:$B,,0)) -> Forest Data
A3: SALE-026-2023 | B3: 45007 | C3: CUST-1373 | D3: BK-811569 | E3: 2 | F3: =_xlfn.XLOOKUP(C3,customers!$A$1:$A$983,customers!$B$1:$B$983,,0) -> Laura Martinez | G3: =_xlfn.XLOOKUP(C3,customers!$A:$A,customers!$C:$C,,0) -> laura.martinez355@hotmail.com | H3: =IF(_xlfn.XLOOKUP(C3,customers!$A:$A,customers!$G:$G,,0)=0,"",_xlfn.XLOOKUP(C3,customers!$A:$A,customers!$G:$G,,0)) -> Sweden | I3: =IF(_xlfn.XLOOKUP(D3,product!$A:$A,product!$E:$E,,0)=0,"",_xlfn.XLOOKUP(D3,product!$A:$A,product!$E:$E,,0)) -> BUSINESS | J3: =IF(_xlfn.XLOOKUP(D3,product!$A:$A,product!$D:$D,,0)=0,"",_xlfn.XLOOKUP(D3,product!$A:$A,product!$D:$D,,0)) -> 33.63 | K3: =J3*E3 -> 67.26 | L3: =IF(_xlfn.XLOOKUP(D3,product!$A:$A,product!$F:$F,,0)=0,"",_xlfn.XLOOKUP(D3,product!$A:$A,product!$F:$F,,0)) -> No | M3: =IF(_xlfn.XLOOKUP(D3,product!$A:$A,product!G:G,,0)=0,"",_xlfn.XLOOKUP(D3,product!$A:$A,product!G:G,,0)) -> Gold | N3: =IF(_xlfn.XLOOKUP(D3,product!$A:$A,product!$B:$B,,0)=0,"",_xlfn.XLOOKUP(D3,product!$A:$A,product!$B:$B,,0)) -> Quantum Power
A4: SALE-043-2023 | B4: 44967 | C4: CUST-1559 | D4: BK-799901 | E4: 2 | F4: =_xlfn.XLOOKUP(C4,customers!$A$1:$A$983,customers!$B$1:$B$983,,0) -> Paul Thomas | G4: =_xlfn.XLOOKUP(C4,customers!$A:$A,customers!$C:$C,,0) -> paul.thomas541@hotmail.com | H4: =IF(_xlfn.XLOOKUP(C4,customers!$A:$A,customers!$G:$G,,0)=0,"",_xlfn.XLOOKUP(C4,customers!$A:$A,customers!$G:$G,,0)) -> USA | I4: =IF(_xlfn.XLOOKUP(D4,product!$A:$A,product!$E:$E,,0)=0,"",_xlfn.XLOOKUP(D4,product!$A:$A,product!$E:$E,,0)) -> BUSINESS | J4: =IF(_xlfn.XLOOKUP(D4,product!$A:$A,product!$D:$D,,0)=0,"",_xlfn.XLOOKUP(D4,product!$A:$A,product!$D:$D,,0)) -> 31.32 | K4: =J4*E4 -> 62.64 | L4: =IF(_xlfn.XLOOKUP(D4,product!$A:$A,product!$F:$F,,0)=0,"",_xlfn.XLOOKUP(D4,product!$A:$A,product!$F:$F,,0)) -> No | M4: =IF(_xlfn.XLOOKUP(D4,product!$A:$A,product!G:G,,0)=0,"",_xlfn.XLOOKUP(D4,product!$A:$A,product!G:G,,0)) -> Silver | N4: =IF(_xlfn.XLOOKUP(D4,product!$A:$A,product!$B:$B,,0)=0,"",_xlfn.XLOOKUP(D4,product!$A:$A,product!$B:$B,,0)) -> Mind Journey
A5: SALE-060-2023 | B5: 45064 | C5: CUST-1245 | D5: BK-735269 | E5: 2 | F5: =_xlfn.XLOOKUP(C5,customers!$A$1:$A$983,customers!$B$1:$B$983,,0) -> Emma Lopez | G5: =_xlfn.XLOOKUP(C5,customers!$A:$A,customers!$C:$C,,0) -> emma.lopez227@gmail.com | H5: =IF(_xlfn.XLOOKUP(C5,customers!$A:$A,customers!$G:$G,,0)=0,"",_xlfn.XLOOKUP(C5,customers!$A:$A,customers!$G:$G,,0)) -> Pakistan | I5: =IF(_xlfn.XLOOKUP(D5,product!$A:$A,product!$E:$E,,0)=0,"",_xlfn.XLOOKUP(D5,product!$A:$A,product!$E:$E,,0)) -> BUSINESS | J5: =IF(_xlfn.XLOOKUP(D5,product!$A:$A,product!$D:$D,,0)=0,"",_xlfn.XLOOKUP(D5,product!$A:$A,product!$D:$D,,0)) -> 30.46 | K5: =J5*E5 -> 60.92 | L5: =IF(_xlfn.XLOOKUP(D5,product!$A:$A,product!$F:$F,,0)=0,"",_xlfn.XLOOKUP(D5,product!$A:$A,product!$F:$F,,0)) -> No | M5: =IF(_xlfn.XLOOKUP(D5,product!$A:$A,product!G:G,,0)=0,"",_xlfn.XLOOKUP(D5,product!$A:$A,product!G:G,,0)) -> None | N5: =IF(_xlfn.XLOOKUP(D5,product!$A:$A,product!$B:$B,,0)=0,"",_xlfn.XLOOKUP(D5,product!$A:$A,product!$B:$B,,0)) -> Journey Forest
A6: SALE-077-2023 | B6: 45110 | C6: CUST-1253 | D6: BK-582215 | E6: 2 | F6: =_xlfn.XLOOKUP(C6,customers!$A$1:$A$983,customers!$B$1:$B$983,,0) -> Zoe Lee | G6: =_xlfn.XLOOKUP(C6,customers!$A:$A,customers!$C:$C,,0) -> zoe.lee235@outlook.com | H6: =IF(_xlfn.XLOOKUP(C6,customers!$A:$A,customers!$G:$G,,0)=0,"",_xlfn.XLOOKUP(C6,customers!$A:$A,customers!$G:$G,,0)) -> USA | I6: =IF(_xlfn.XLOOKUP(D6,product!$A:$A,product!$E:$E,,0)=0,"",_xlfn.XLOOKUP(D6,product!$A:$A,product!$E:$E,,0)) -> BUSINESS | J6: =IF(_xlfn.XLOOKUP(D6,product!$A:$A,product!$D:$D,,0)=0,"",_xlfn.XLOOKUP(D6,product!$A:$A,product!$D:$D,,0)) -> 31.45 | K6: =J6*E6 -> 62.9 | L6: =IF(_xlfn.XLOOKUP(D6,product!$A:$A,product!$F:$F,,0)=0,"",_xlfn.XLOOKUP(D6,product!$A:$A,product!$F:$F,,0)) -> No | M6: =IF(_xlfn.XLOOKUP(D6,product!$A:$A,product!G:G,,0)=0,"",_xlfn.XLOOKUP(D6,product!$A:$A,product!G:G,,0)) -> Silver | N6: =IF(_xlfn.XLOOKUP(D6,product!$A:$A,product!$B:$B,,0)=0,"",_xlfn.XLOOKUP(D6,product!$A:$A,product!$B:$B,,0)) -> Secrets Forest
A7: SALE-094-2023 | B7: 45549 | C7: CUST-1036 | D7: BK-921200 | E7: 1 | F7: =_xlfn.XLOOKUP(C7,customers!$A$1:$A$983,customers!$B$1:$B$983,,0) -> Emily Anderson | G7: =_xlfn.XLOOKUP(C7,customers!$A:$A,customers!$C:$C,,0) -> emily.anderson18@gmail.com | H7: =IF(_xlfn.XLOOKUP(C7,customers!$A:$A,customers!$G:$G,,0)=0,"",_xlfn.XLOOKUP(C7,customers!$A:$A,customers!$G:$G,,0)) -> Germany | I7: =IF(_xlfn.XLOOKUP(D7,product!$A:$A,product!$E:$E,,0)=0,"",_xlfn.XLOOKUP(D7,product!$A:$A,product!$E:$E,,0)) -> FICTION | J7: =IF(_xlfn.XLOOKUP(D7,product!$A:$A,product!$D:$D,,0)=0,"",_xlfn.XLOOKUP(D7,product!$A:$A,product!$D:$D,,0)) -> 17.41 | K7: =J7*E7 -> 17.41 | L7: =IF(_xlfn.XLOOKUP(D7,product!$A:$A,product!$F:$F,,0)=0,"",_xlfn.XLOOKUP(D7,product!$A:$A,product!$F:$F,,0)) -> No | M7: =IF(_xlfn.XLOOKUP(D7,product!$A:$A,product!G:G,,0)=0,"",_xlfn.XLOOKUP(D7,product!$A:$A,product!G:G,,0)) -> None | N7: =IF(_xlfn.XLOOKUP(D7,product!$A:$A,product!$B:$B,,0)=0,"",_xlfn.XLOOKUP(D7,product!$A:$A,product!$B:$B,,0)) -> Forest Silent
A8: SALE-111-2023 | B8: 45255 | C8: CUST-1458 | D8: BK-110284 | E8: 1 | F8: =_xlfn.XLOOKUP(C8,customers!$A$1:$A$983,customers!$B$1:$B$983,,0) -> James Allen | G8: =_xlfn.XLOOKUP(C8,customers!$A:$A,customers!$C:$C,,0) -> james.allen440@outlook.com | H8: =IF(_xlfn.XLOOKUP(C8,customers!$A:$A,customers!$G:$G,,0)=0,"",_xlfn.XLOOKUP(C8,customers!$A:$A,customers!$G:$G,,0)) -> Spain | I8: =IF(_xlfn.XLOOKUP(D8,product!$A:$A,product!$E:$E,,0)=0,"",_xlfn.XLOOKUP(D8,product!$A:$A,product!$E:$E,,0)) -> TECH | J8: =IF(_xlfn.XLOOKUP(D8,product!$A:$A,product!$D:$D,,0)=0,"",_xlfn.XLOOKUP(D8,product!$A:$A,product!$D:$D,,0)) -> 11.13 | K8: =J8*E8 -> 11.13 | L8: =IF(_xlfn.XLOOKUP(D8,product!$A:$A,product!$F:$F,,0)=0,"",_xlfn.XLOOKUP(D8,product!$A:$A,product!$F:$F,,0)) -> Yes | M8: =IF(_xlfn.XLOOKUP(D8,product!$A:$A,product!G:G,,0)=0,"",_xlfn.XLOOKUP(D8,product!$A:$A,product!G:G,,0)) -> Silver | N8: =IF(_xlfn.XLOOKUP(D8,product!$A:$A,product!$B:$B,,0)=0,"",_xlfn.XLOOKUP(D8,product!$A:$A,product!$B:$B,,0)) -> Data Mind
A9: SALE-128-2023 | B9: 45350 | C9: CUST-1418 | D9: BK-253635 | E9: 1 | F9: =_xlfn.XLOOKUP(C9,customers!$A$1:$A$983,customers!$B$1:$B$983,,0) -> Thomas Hill | G9: =_xlfn.XLOOKUP(C9,customers!$A:$A,customers!$C:$C,,0) -> thomas.hill400@yahoo.com | H9: =IF(_xlfn.XLOOKUP(C9,customers!$A:$A,customers!$G:$G,,0)=0,"",_xlfn.XLOOKUP(C9,customers!$A:$A,customers!$G:$G,,0)) -> Sweden | I9: =IF(_xlfn.XLOOKUP(D9,product!$A:$A,product!$E:$E,,0)=0,"",_xlfn.XLOOKUP(D9,product!$A:$A,product!$E:$E,,0)) -> BUSINESS | J9: =IF(_xlfn.XLOOKUP(D9,product!$A:$A,product!$D:$D,,0)=0,"",_xlfn.XLOOKUP(D9,product!$A:$A,product!$D:$D,,0)) -> 31.29 | K9: =J9*E9 -> 31.29 | L9: =IF(_xlfn.XLOOKUP(D9,product!$A:$A,product!$F:$F,,0)=0,"",_xlfn.XLOOKUP(D9,product!$A:$A,product!$F:$F,,0)) -> Yes | M9: =IF(_xlfn.XLOOKUP(D9,product!$A:$A,product!G:G,,0)=0,"",_xlfn.XLOOKUP(D9,product!$A:$A,product!G:G,,0)) -> None | N9: =IF(_xlfn.XLOOKUP(D9,product!$A:$A,product!$B:$B,,0)=0,"",_xlfn.XLOOKUP(D9,product!$A:$A,product!$B:$B,,0)) -> Secrets Quantum
A10: SALE-145-2023 | B10: 45157 | C10: CUST-1398 | D10: BK-633345 | E10: 1 | F10: =_xlfn.XLOOKUP(C10,customers!$A$1:$A$983,customers!$B$1:$B$983,,0) -> Peter Adams | G10: =_xlfn.XLOOKUP(C10,customers!$A:$A,customers!$C:$C,,0) -> peter.adams380@gmail.com | H10: =IF(_xlfn.XLOOKUP(C10,customers!$A:$A,customers!$G:$G,,0)=0,"",_xlfn.XLOOKUP(C10,customers!$A:$A,customers!$G:$G,,0)) -> UAE | I10: =IF(_xlfn.XLOOKUP(D10,product!$A:$A,product!$E:$E,,0)=0,"",_xlfn.XLOOKUP(D10,product!$A:$A,product!$E:$E,,0)) -> BUSINESS | J10: =IF(_xlfn.XLOOKUP(D10,product!$A:$A,product!$D:$D,,0)=0,"",_xlfn.XLOOKUP(D10,product!$A:$A,product!$D:$D,,0)) -> 10.51 | K10: =J10*E10 -> 10.51 | L10: =IF(_xlfn.XLOOKUP(D10,product!$A:$A,product!$F:$F,,0)=0,"",_xlfn.XLOOKUP(D10,product!$A:$A,product!$F:$F,,0)) -> Yes | M10: =IF(_xlfn.XLOOKUP(D10,product!$A:$A,product!G:G,,0)=0,"",_xlfn.XLOOKUP(D10,product!$A:$A,product!G:G,,0)) -> None | N10: =IF(_xlfn.XLOOKUP(D10,product!$A:$A,product!$B:$B,,0)=0,"",_xlfn.XLOOKUP(D10,product!$A:$A,product!$B:$B,,0)) -> Secrets Data
A11: SALE-162-2023 | B11: 45387 | C11: CUST-1733 | D11: BK-640596 | E11: 1 | F11: =_xlfn.XLOOKUP(C11,customers!$A$1:$A$983,customers!$B$1:$B$983,,0) -> Emily Young | G11: =_xlfn.XLOOKUP(C11,customers!$A:$A,customers!$C:$C,,0) -> emily.young715@hotmail.com | H11: =IF(_xlfn.XLOOKUP(C11,customers!$A:$A,customers!$G:$G,,0)=0,"",_xlfn.XLOOKUP(C11,customers!$A:$A,customers!$G:$G,,0)) -> Sweden | I11: =IF(_xlfn.XLOOKUP(D11,product!$A:$A,product!$E:$E,,0)=0,"",_xlfn.XLOOKUP(D11,product!$A:$A,product!$E:$E,,0)) -> FICTION | J11: =IF(_xlfn.XLOOKUP(D11,product!$A:$A,product!$D:$D,,0)=0,"",_xlfn.XLOOKUP(D11,product!$A:$A,product!$D:$D,,0)) -> 23.32 | K11: =J11*E11 -> 23.32 | L11: =IF(_xlfn.XLOOKUP(D11,product!$A:$A,product!$F:$F,,0)=0,"",_xlfn.XLOOKUP(D11,product!$A:$A,product!$F:$F,,0)) -> Yes | M11: =IF(_xlfn.XLOOKUP(D11,product!$A:$A,product!G:G,,0)=0,"",_xlfn.XLOOKUP(D11,product!$A:$A,product!G:G,,0)) -> Silver | N11: =IF(_xlfn.XLOOKUP(D11,product!$A:$A,product!$B:$B,,0)=0,"",_xlfn.XLOOKUP(D11,product!$A:$A,product!$B:$B,,0)) -> Silent Future
A12: SALE-179-2023 | B12: 45268 | C12: CUST-1971 | D12: BK-746815 | E12: 1 | F12: =_xlfn.XLOOKUP(C12,customers!$A$1:$A$983,customers!$B$1:$B$983,,0) -> George Allen | G12: =_xlfn.XLOOKUP(C12,customers!$A:$A,customers!$C:$C,,0) -> george.allen953@hotmail.com | H12: =IF(_xlfn.XLOOKUP(C12,customers!$A:$A,customers!$G:$G,,0)=0,"",_xlfn.XLOOKUP(C12,customers!$A:$A,customers!$G:$G,,0)) -> Russia | I12: =IF(_xlfn.XLOOKUP(D12,product!$A:$A,product!$E:$E,,0)=0,"",_xlfn.XLOOKUP(D12,product!$A:$A,product!$E:$E,,0)) -> TECH | J12: =IF(_xlfn.XLOOKUP(D12,product!$A:$A,product!$D:$D,,0)=0,"",_xlfn.XLOOKUP(D12,product!$A:$A,product!$D:$D,,0)) -> 39.22 | K12: =J12*E12 -> 39.22 | L12: =IF(_xlfn.XLOOKUP(D12,product!$A:$A,product!$F:$F,,0)=0,"",_xlfn.XLOOKUP(D12,product!$A:$A,product!$F:$F,,0)) -> Yes | M12: =IF(_xlfn.XLOOKUP(D12,product!$A:$A,product!G:G,,0)=0,"",_xlfn.XLOOKUP(D12,product!$A:$A,product!G:G,,0)) -> Silver | N12: =IF(_xlfn.XLOOKUP(D12,product!$A:$A,product!$B:$B,,0)=0,"",_xlfn.XLOOKUP(D12,product!$A:$A,product!$B:$B,,0)) -> Science Future
A13: SALE-196-2023 | B13: 45464 | C13: CUST-1252 | D13: BK-664582 | E13: 1 | F13: =_xlfn.XLOOKUP(C13,customers!$A$1:$A$983,customers!$B$1:$B$983,,0) -> Andrew Jackson | G13: =_xlfn.XLOOKUP(C13,customers!$A:$A,customers!$C:$C,,0) -> andrew.jackson234@gmail.com | H13: =IF(_xlfn.XLOOKUP(C13,customers!$A:$A,customers!$G:$G,,0)=0,"",_xlfn.XLOOKUP(C13,customers!$A:$A,customers!$G:$G,,0)) -> Germany | I13: =IF(_xlfn.XLOOKUP(D13,product!$A:$A,product!$E:$E,,0)=0,"",_xlfn.XLOOKUP(D13,product!$A:$A,product!$E:$E,,0)) -> FICTION | J13: =IF(_xlfn.XLOOKUP(D13,product!$A:$A,product!$D:$D,,0)=0,"",_xlfn.XLOOKUP(D13,product!$A:$A,product!$D:$D,,0)) -> 28.12 | K13: =J13*E13 -> 28.12 | L13: =IF(_xlfn.XLOOKUP(D13,product!$A:$A,product!$F:$F,,0)=0,"",_xlfn.XLOOKUP(D13,product!$A:$A,product!$F:$F,,0)) -> No | M13: =IF(_xlfn.XLOOKUP(D13,product!$A:$A,product!G:G,,0)=0,"",_xlfn.XLOOKUP(D13,product!$A:$A,product!G:G,,0)) -> Gold | N13: =IF(_xlfn.XLOOKUP(D13,product!$A:$A,product!$B:$B,,0)=0,"",_xlfn.XLOOKUP(D13,product!$A:$A,product!$B:$B,,0)) -> Secrets Data
A14: SALE-213-2023 | B14: 45229 | C14: CUST-1748 | D14: BK-372999 | E14: 1 | F14: =_xlfn.XLOOKUP(C14,customers!$A$1:$A$983,customers!$B$1:$B$983,,0) -> Emma Walker | G14: =_xlfn.XLOOKUP(C14,customers!$A:$A,customers!$C:$C,,0) -> emma.walker730@yahoo.com | H14: =IF(_xlfn.XLOOKUP(C14,customers!$A:$A,customers!$G:$G,,0)=0,"",_xlfn.XLOOKUP(C14,customers!$A:$A,customers!$G:$G,,0)) -> USA | I14: =IF(_xlfn.XLOOKUP(D14,product!$A:$A,product!$E:$E,,0)=0,"",_xlfn.XLOOKUP(D14,product!$A:$A,product!$E:$E,,0)) -> TECH | J14: =IF(_xlfn.XLOOKUP(D14,product!$A:$A,product!$D:$D,,0)=0,"",_xlfn.XLOOKUP(D14,product!$A:$A,product!$D:$D,,0)) -> 20.59 | K14: =J14*E14 -> 20.59 | L14: =IF(_xlfn.XLOOKUP(D14,product!$A:$A,product!$F:$F,,0)=0,"",_xlfn.XLOOKUP(D14,product!$A:$A,product!$F:$F,,0)) -> Yes | M14: =IF(_xlfn.XLOOKUP(D14,product!$A:$A,product!G:G,,0)=0,"",_xlfn.XLOOKUP(D14,product!$A:$A,product!G:G,,0)) -> Silver | N14: =IF(_xlfn.XLOOKUP(D14,product!$A:$A,product!$B:$B,,0)=0,"",_xlfn.XLOOKUP(D14,product!$A:$A,product!$B:$B,,0)) -> Data Quantum
... A983: SALE-970-2023 | B983: 45439 | C983: CUST-1358 | D983: BK-444961 | E983: 2 | F983: =_xlfn.XLOOKUP(C983,customers!$A$1:$A$983,customers!$B$1:$B$983,,0) -> Peter Wright | G983: =_xlfn.XLOOKUP(C983,customers!$A:$A,customers!$C:$C,,0) -> peter.wright340@gmail.com | H983: =IF(_xlfn.XLOOKUP(C983,customers!$A:$A,customers!$G:$G,,0)=0,"",_xlfn.XLOOKUP(C983,customers!$A:$A,customers!$G:$G,,0)) -> Japan | I983: =IF(_xlfn.XLOOKUP(D983,product!$A:$A,product!$E:$E,,0)=0,"",_xlfn.XLOOKUP(D983,product!$A:$A,product!$E:$E,,0)) -> FICTION | J983: =IF(_xlfn.XLOOKUP(D983,product!$A:$A,product!$D:$D,,0)=0,"",_xlfn.XLOOKUP(D983,product!$A:$A,product!$D:$D,,0)) -> 39.61 | K983: =J983*E983 -> 79.22 | L983: =IF(_xlfn.XLOOKUP(D983,product!$A:$A,product!$F:$F,,0)=0,"",_xlfn.XLOOKUP(D983,product!$A:$A,product!$F:$F,,0)) -> No | M983: =IF(_xlfn.XLOOKUP(D983,product!$A:$A,product!G:G,,0)=0,"",_xlfn.XLOOKUP(D983,product!$A:$A,product!G:G,,0)) -> Gold | N983: =IF(_xlfn.XLOOKUP(D983,product!$A:$A,product!$B:$B,,0)=0,"",_xlfn.XLOOKUP(D983,product!$A:$A,product!$B:$B,,0)) -> Secrets Forest

Sheet customers
A1: Customer_Ref | B1: Full_Name | C1: Email_Address | D1: Phone_Number | E1: Delivery_Address | F1: City | G1: Country | H1: Postal_Code | I1: Membership_Level | J1: Join_Date
A2: CUST-1019 | B2: Joshua Green | C2: joshua.green1@hotmail.com | D2: +1 (305) 555-9012 | E2: Ocean Drive 2600 | F2: Miami | G2: USA | H2: 33139 | I2: Silver | J2: 44893 | M2: =V2&" "&W2
A3: CUST-1020 | B3: Amelia Martin | C3: amelia.martin2@hotmail.com | D3: +971 4 567 8901 | E3: Sheikh Zayed Road 99 | F3: Dubai | G3: UAE | H3: 123456 | I3: Bronze | J3: 45146
A4: CUST-1021 | B4: David Martinez | C4: david.martinez3@yahoo.com | D4: +81 3 6789-0123 | E4: Shibuya 41-24-12 | F4: Tokyo | G4: Japan | H4: 150-0002 | I4: Gold | J4: 44497 | M4: =V4&" "&W4
A5: CUST-1022 | B5: Ella Taylor | C5: ella.taylor4@gmail.com | D5: +46 40 456 78 | E5: Stortorget 225 | F5: Malmö | G5: Sweden | H5: 211 34 | I5: Silver | J5: 44907 | M5: =V5&" "&W5
A6: CUST-1023 | B6: Steven Rodriguez | C6: steven.rodriguez5@yahoo.com | D6: +20 2 8901234 | E6: Dokki 106 | F6: Cairo | G6: Egypt | H6: 12311 | I6: Bronze | J6: 45119 | M6: =V6&" "&W6
A7: CUST-1024 | B7: Thomas Young | C7: thomas.young6@hotmail.com | D7: +34 93 789 01 23 | E7: Passeig de Gràcia 2200 | F7: Barcelona | G7: Spain | H7: 8008 | I7: Gold | J7: 44518 | M7: =V7&" "&W7
A8: CUST-1025 | B8: Lily Johnson | C8: lily.johnson7@outlook.com | D8: +81 45 678-9012 | E8: Aoba-ku 27-1-1 | F8: Yokohama | H8: 225-0001 | I8: Silver | J8: 44812 | M8: =V8&" "&W8
A9: CUST-1026 | B9: Chloe Wright | C9: chloe.wright8@hotmail.com | D9: +34 91 012 34 56 | E9: Calle de Serrano 4100 | F9: Madrid | G9: Spain | H9: 28006 | I9: Bronze | J9: 45105 | M9: =V9&" "&W9
A10: CUST-1027 | B10: Daniel Lewis | C10: daniel.lewis9@hotmail.com | D10: +49 30 678901 | E10: Alexanderplatz 310 | F10: Berlin | G10: Germany | H10: 10178 | I10: Gold | J10: 44552 | M10: =V10&" "&W10
A11: CUST-1028 | B11: Isabella Jackson | C11: isabella.jackson10@outlook.com | D11: +1 (404) 555-9012 | E11: Peachtree Street 1700 | F11: Atlanta | G11: USA | H11: 30303 | I11: Silver | J11: 44852 | M11: =V11&" "&W11
A12: CUST-1029 | B12: Joshua Hall | C12: joshua.hall11@outlook.com | D12: +92 21 2345678 | E12: Clifton 115 | F12: Karachi | G12: Pakistan | H12: 75600 | I12: Bronze | J12: 45068 | M12: =V12&" "&W12
A13: CUST-1030 | B13: Anna Garcia | C13: anna.garcia12@outlook.com | D13: +81 3 5678-9012 | E13: Chiyoda 40-1-1 | F13: Tokyo | G13: Japan | H13: 100-0001 | I13: Gold | J13: 44447 | M13: =V13&" "&W13
A14: CUST-1031 | B14: Steven Scott | C14: steven.scott13@hotmail.com | D14: +46 31 456 78 | E14: Kungsportsavenyn 230 | F14: Gothenburg | G14: Sweden | H14: 411 36 | I14: Silver | J14: 44877 | M14: =V14&" "&W14
A15: CUST-1032 | B15: Mia Jackson | C15: mia.jackson14@yahoo.com | D15: +20 2 7890123 | E15: Mohandessin 105 | F15: Cairo | G15: Egypt | H15: 12311 | I15: Bronze | J15: 45031 | M15: =V15&" "&W15
A16: CUST-1033 | B16: William Johnson | C16: william.johnson15@gmail.com | D16: +34 93 678 90 12 | E16: Diagonal 4100 | F16: Barcelona | G16: Spain | H16: 8018 | I16: Gold | J16: 44491 | M16: =V16&" "&W16
A17: CUST-1034 | B17: Ryan White | C17: ryan.white16@hotmail.com | D17: +81 45 567-8901 | E17: Nishi-ku 28-1-1 | F17: Yokohama | G17: Japan | H17: 220-0001 | I17: Silver | J17: 44913 | M17: =V17&" "&W17
A18: CUST-1035 | B18: Paul Garcia | C18: paul.garcia17@hotmail.com | D18: +34 91 901 23 45 | E18: Calle de Goya 4000 | F18: Madrid | G18: Spain | H18: 28001 | I18: Bronze | J18: 44993 | M18: =V18&" "&W18
A19: CUST-1036 | B19: Emily Anderson | C19: emily.anderson18@gmail.com | D19: +49 30 567890 | E19: Potsdamer Platz 160 | F19: Berlin | G19: Germany | H19: 10785 | I19: Gold | J19: 44512 | M19: =V19&" "&W19
A20: CUST-1037 | B20: Ava Young | C20: ava.young19@outlook.com | D20: +1 (214) 555-9012 | E20: Main Street 2100 | F20: Dallas | G20: USA | H20: 75202 | I20: Silver | J20: 44829 | M20: =V20&" "&W20
A21: CUST-1038 | B21: Mark Garcia | C21: mark.garcia20@outlook.com | D21: +92 42 2345678 | E21: Cantt 114 | F21: Lahore | G21: Pakistan | H21: 54810 | I21: Bronze | J21: 44979 | M21: =V21&" "&W21
A22: CUST-1039 | B22: Grace Johnson | C22: grace.johnson21@yahoo.com | D22: +81 3 4567-8901 | E22: Shibuya 40-24-12 | F22: Tokyo | G22: Japan | H22: 150-0002 | I22: Gold | J22: 44548 | M22: =V22&" "&W22
A23: CUST-1040 | B23: Ryan Baker | C23: ryan.baker22@yahoo.com | D23: +46 40 345 67 | E23: Stortorget 220 | F23: Malmö | G23: Sweden | H23: 211 34 | I23: Silver | J23: 44846 | M23: =V23&" "&W23
A24: CUST-1041 | B24: Michael Young | C24: michael.young23@yahoo.com | D24: +20 2 6789012 | E24: Heliopolis 106 | F24: Cairo | G24: Egypt | H24: 11341 | I24: Bronze | J24: 44944 | M24: =V24&" "&W24
A25: CUST-1042 | B25: Zoe Lopez | C25: zoe.lopez24@gmail.com | D25: +34 93 567 89 01 | E25: Passeig de Gràcia 2150 | F25: Barcelona | G25: Spain | H25: 8008 | I25: Gold | J25: 44451 | M25: =V25&" "&W25
A26: CUST-1043 | B26: Edward Scott | C26: edward.scott25@gmail.com | D26: +81 45 456-7890 | E26: Kanagawa 28-1-1 | F26: Yokohama | G26: Japan | H26: 220-0012 | I26: Silver | J26: 44887 | M26: =V26&" "&W26
A27: CUST-1044 | B27: Ella Taylor | C27: ella.taylor26@yahoo.com | D27: +34 91 890 12 34 | E27: Calle de Serrano 4000 | F27: Madrid | G27: Spain | H27: 28006 | I27: Bronze | J27: 45268 | M27: =V27&" "&W27
A28: CUST-1045 | B28: Peter Allen | C28: peter.allen27@gmail.com | D28: +49 30 456789 | E28: Friedrichstraße 180 | F28: Berlin | G28: Germany | H28: 10117 | I28: Gold | J28: 44477 | M28: =V28&" "&W28
A29: CUST-1046 | B29: Daniel Hall | C29: daniel.hall28@gmail.com | D29: +1 (215) 555-8901 | E29: Market Street 1500 | F29: Philadelphia | G29: USA | H29: 19106 | I29: Silver | J29: 44862 | M29: =V29&" "&W29
A30: CUST-1047 | B30: Steven Adams | C30: steven.adams29@outlook.com | D30: +971 4 456 7890 | E30: Al Wasl Road 98 | F30: Dubai | G30: UAE | H30: 123456 | I30: Bronze | J30: 45242 | M30: =V30&" "&W30
A31: CUST-1048 | B31: Michael Johnson | C31: michael.johnson30@gmail.com | D31: +81 3 3456-7890 | E31: Chiyoda 39-1-1 | F31: Tokyo | G31: Japan | H31: 100-0001 | I31: Gold | J31: 44522 | M31: =V31&" "&W31
A32: CUST-1049 | B32: Isabella Wright | C32: isabella.wright31@yahoo.com | D32: +46 31 345 67 | E32: Kungsportsplatsen 21 | F32: Gothenburg | G32: Sweden | H32: 411 10 | I32: Silver | J32: 44826 | M32: =V32&" "&W32
A33: CUST-1050 | B33: Peter Martin | C33: peter.martin32@gmail.com | D33: +20 2 5678901 | E33: Sporting 104 | F33: Alexandria | G33: Egypt | H33: 21599 | I33: Bronze | J33: 45207 | M33: =V33&" "&W33
A34: CUST-1051 | B34: James Smith | C34: james.smith33@outlook.com | D34: +34 93 456 78 90 | E34: Diagonal 4000 | F34: Barcelona | G34: Spain | H34: 8018 | I34: Gold | J34: 44558 | M34: =V34&" "&W34
A35: CUST-1052 | B35: Emily Walker | C35: emily.walker34@hotmail.com | D35: +81 45 345-6789 | E35: Aoba-ku 26-1-1 | F35: Yokohama | G35: Japan | H35: 225-0001 | I35: Silver | J35: 44842 | M35: =V35&" "&W35
A36: CUST-1053 | B36: Zoe Smith | C36: zoe.smith35@gmail.com | D36: +34 91 789 01 23 | E36: Calle de Goya 3900 | F36: Madrid | G36: Spain | H36: 28001 | I36: Bronze | J36: 45191 | M36: =V36&" "&W36
A37: CUST-1054 | B37: Peter Thompson | C37: peter.thompson36@gmail.com | D37: +49 30 345678 | E37: Alexanderplatz 300 | F37: Berlin | G37: Germany | H37: 10178 | I37: Gold | J37: 44457 | M37: =V37&" "&W37
A38: CUST-1055 | B38: Sarah Hill | C38: sarah.hill37@outlook.com | D38: +1 (713) 555-8901 | E38: Main Street 2300 | F38: Houston | G38: USA | H38: 77002 | I38: Silver | J38: 44883 | M38: =V38&" "&W38
A39: CUST-1056 | B39: John Wright | C39: john.wright38@yahoo.com | D39: +92 21 1234567 | E39: Clifton 114 | F39: Karachi | G39: Pakistan | H39: 75600 | I39: Bronze | J39: 45146 | M39: =V39&" "&W39
A40: CUST-1057 | B40: Kevin Rodriguez | C40: kevin.rodriguez39@hotmail.com | D40: +81 3 2345-6789 | E40: Shibuya 39-24-12 | F40: Tokyo | G40: Japan | H40: 150-0002 | I40: Gold | J40: 44481 | M40: =V40&" "&W40
A41: CUST-1058 | B41: William Adams | C41: william.adams40@hotmail.com | D41: +46 40 234 56 | E41: Stortorget 215 | F41: Malmö | G41: Sweden | H41: 211 34 | I41: Silver | J41: 44903 | M41: =V41&" "&W41
A42: CUST-1059 | B42: Mia White | C42: mia.white41@yahoo.com | D42: +20 2 4567890 | E42: Dokki 105 | F42: Cairo | G42: Egypt | H42: 12311 | I42: Bronze | J42: 45119 | M42: =V42&" "&W42
A43: CUST-1060 | B43: Sophia White | C43: sophia.white42@yahoo.com | D43: +34 93 345 67 89 | E43: Passeig de Gràcia 2100 | F43: Barcelona | G43: Spain | H43: 8008 | I43: Gold | J43: 44508 | M43: =V43&" "&W43
A44: CUST-1061 | B44: Kevin Thompson | C44: kevin.thompson43@hotmail.com | D44: +81 45 234-5678 | E44: Nishi-ku 27-1-1 | F44: Yokohama | G44: Japan | H44: 220-0001 | I44: Silver | J44: 44812 | M44: =V44&" "&W44
A45: CUST-1062 | B45: Lily Lewis | C45: lily.lewis44@gmail.com | D45: +34 91 678 90 12 | E45: Calle de Serrano 3900 | F45: Madrid | G45: Spain | H45: 28006 | I45: Bronze | J45: 45095 | M45: =V45&" "&W45
A46: CUST-1063 | B46: Sophia Thomas | C46: sophia.thomas45@outlook.com | D46: +49 30 234567 | E46: Unter den Linden 130 | F46: Berlin | G46: Germany | H46: 10117 | I46: Gold | J46: 44552 | M46: =V46&" "&W46
A47: CUST-1064 | B47: Mia Lewis | C47: mia.lewis46@hotmail.com | D47: +1 (404) 555-8901 | E47: Peachtree Street 1600 | F47: Atlanta | G47: USA | H47: 30303 | I47: Silver | J47: 44856 | M47: =V47&" "&W47
A48: CUST-1065 | B48: Lucy Thomas | C48: lucy.thomas47@outlook.com | D48: +92 42 1234567 | E48: Cantt 113 | F48: Lahore | G48: Pakistan | H48: 54810 | I48: Bronze | J48: 45074 | M48: =V48&" "&W48
A49: CUST-1066 | B49: Amelia Green | C49: amelia.green48@gmail.com | D49: +81 3 1234-5678 | E49: Chiyoda 38-1-1 | F49: Tokyo | G49: Japan | H49: 100-0001 | I49: Gold | J49: 44467 | M49: =V49&" "&W49
A50: CUST-1067 | B50: Ava Adams | C50: ava.adams49@outlook.com | D50: +46 31 234 56 | E50: Kungsportsavenyn 220 | F50: Gothenburg | G50: Sweden | H50: 411 36 | I50: Silver | J50: 44873 | M50: =V50&" "&W50
A51: CUST-1068 | B51: Paul Brown | C51: paul.brown50@hotmail.com | D51: +20 2 3456789 | E51: Mohandessin 104 | F51: Cairo | G51: Egypt | H51: 12311 | I51: Bronze | J51: 45024 | M51: =V51&" "&W51
A52: CUST-1069 | B52: Robert Taylor | C52: robert.taylor51@gmail.com | D52: +34 93 234 56 78 | E52: Diagonal 3900 | F52: Barcelona | G52: Spain | H52: 8018 | I52: Gold | J52: 44487 | M52: =V52&" "&W52
A53: CUST-1070 | B53: Ella Martinez | C53: ella.martinez52@yahoo.com | D53: +81 45 123-4567 | E53: Kanagawa 27-1-1 | F53: Yokohama | G53: Japan | H53: 220-0012 | I53: Silver | J53: 44907 | M53: =V53&" "&W53
A54: CUST-1071 | B54: Amelia Jackson | C54: amelia.jackson53@gmail.com | D54: +34 91 567 89 01 | E54: Calle de Goya 3800 | F54: Madrid | G54: Spain | H54: 28001 | I54: Bronze | J54: 45013 | M54: =V54&" "&W54
A55: CUST-1072 | B55: Amelia Thomas | C55: amelia.thomas54@hotmail.com | D55: +49 30 123456 | E55: Alexanderplatz 290 | F55: Berlin | G55: Germany | H55: 10178 | I55: Gold | J55: 44518 | M55: =V55&" "&W55
A56: CUST-1073 | B56: Andrew Brown | C56: andrew.brown55@yahoo.com | D56: +1 (305) 555-8901 | E56: Ocean Drive 2500 | F56: Miami | G56: USA | H56: 33139 | I56: Silver | J56: 44829 | M56: =V56&" "&W56
A57: CUST-1074 | B57: Steven Harris | C57: steven.harris56@yahoo.com | D57: +971 4 345 6789 | E57: Sheikh Zayed Road 98 | F57: Dubai | G57: UAE | H57: 123456 | I57: Bronze | J57: 44969 | M57: =V57&" "&W57
A58: CUST-1075 | B58: Anthony Hall | C58: anthony.hall57@gmail.com | D58: +81 3 0123-4567 | E58: Shibuya 38-24-12 | F58: Tokyo | G58: Japan | H58: 150-0002 | I58: Gold | J58: 44542 | M58: =V58&" "&W58
A59: CUST-1076 | B59: Amelia Lewis | C59: amelia.lewis58@yahoo.com | D59: +46 40 123 45 | E59: Stortorget 210 | F59: Malmö | G59: Sweden | H59: 211 34 | I59: Silver | J59: 44862 | M59: =V59&" "&W59
A60: CUST-1077 | B60: Sarah Green | C60: sarah.green59@outlook.com | D60: +20 2 2345678 | E60: Heliopolis 105 | F60: Cairo | G60: Egypt | H60: 11341 | I60: Bronze | J60: 44948 | M60: =V60&" "&W60
A61: CUST-1078 | B61: Mark Adams | C61: mark.adams60@gmail.com | D61: +34 93 123 45 67 | E61: Passeig de Gràcia 2050 | F61: Barcelona | G61: Spain | H61: 8008 | I61: Gold | J61: 44454 | M61: =V61&" "&W61
A62: CUST-1079 | B62: Mark Hall | C62: mark.hall61@outlook.com | D62: +81 45 012-3456 | E62: Aoba-ku 25-1-1 | F62: Yokohama | G62: Japan | H62: 225-0001 | I62: Silver | J62: 44877 | M62: =V62&" "&W62
A63: CUST-1080 | B63: Joshua Anderson | C63: joshua.anderson62@hotmail.com | D63: +34 91 456 78 90 | E63: Calle de Serrano 3800 | F63: Madrid | G63: Spain | H63: 28006 | I63: Bronze | J63: 45272 | M63: =V63&" "&W63
A64: CUST-1081 | B64: Thomas Lee | C64: thomas.lee63@outlook.com | D64: +49 30 012345 | E64: Kurfürstendamm 100 | F64: Berlin | G64: Germany | H64: 10719 | I64: Gold | J64: 44497 | M64: =V64&" "&W64
A65: CUST-1082 | B65: Andrew Walker | C65: andrew.walker64@yahoo.com | D65: +1 (214) 555-8901 | E65: Main Street 2000 | F65: Dallas | G65: USA | H65: 75202 | I65: Silver | J65: 44917 | M65: =V65&" "&W65
A66: CUST-1083 | B66: Robert Adams | C66: robert.adams65@yahoo.com | D66: +92 21 0123456 | E66: Clifton 113 | F66: Karachi | G66: Pakistan | H66: 75600 | I66: Bronze | J66: 45238 | M66: =V66&" "&W66
A67: CUST-1084 | B67: Isabella Smith | C67: isabella.smith66@hotmail.com | D67: +81 3 9012-3456 | E67: Chiyoda 37-1-1 | F67: Tokyo | G67: Japan | H67: 100-0001 | I67: Gold | J67: 44512 | M67: =V67&" "&W67
A68: CUST-1085 | B68: John Martinez | C68: john.martinez67@hotmail.com | D68: +46 31 123 45 | E68: Kungsportsplatsen 20 | F68: Gothenburg | G68: Sweden | H68: 411 10 | I68: Silver | J68: 44816 | M68: =V68&" "&W68
A69: CUST-1086 | B69: James King | C69: james.king68@outlook.com | D69: +20 2 1234567 | E69: Sporting 103 | F69: Alexandria | G69: Egypt | H69: 21599 | I69: Bronze | J69: 45217 | M69: =V69&" "&W69
A70: CUST-1087 | B70: Emily Smith | C70: emily.smith69@yahoo.com | D70: +34 93 012 34 56 | E70: Diagonal 3800 | F70: Barcelona | G70: Spain | H70: 8018 | I70: Gold | J70: 44545 | M70: =V70&" "&W70
A71: CUST-1088 | B71: William Thomas | C71: william.thomas70@outlook.com | D71: +81 45 901-2345 | E71: Nishi-ku 26-1-1 | F71: Yokohama | G71: Japan | H71: 220-0001 | I71: Silver | J71: 44852 | M71: =V71&" "&W71
A72: CUST-1089 | B72: Ryan Martin | C72: ryan.martin71@yahoo.com | D72: +34 91 345 67 89 | E72: Calle de Goya 3700 | F72: Madrid | G72: Spain | H72: 28001 | I72: Bronze | J72: 45177 | M72: =V72&" "&W72
A73: CUST-1090 | B73: Ava King | C73: ava.king72@hotmail.com | D73: +49 30 901234 | E73: Alexanderplatz 280 | F73: Berlin | G73: Germany | H73: 10178 | I73: Gold | J73: 44461 | M73: =V73&" "&W73
A74: CUST-1091 | B74: Mia Scott | C74: mia.scott73@yahoo.com | D74: +1 (713) 555-7890 | E74: Main Street 2200 | F74: Houston | G74: USA | H74: 77002 | I74: Silver | J74: 44887 | M74: =V74&" "&W74
A75: CUST-1092 | B75: Robert Garcia | C75: robert.garcia74@hotmail.com | D75: +92 42 0123456 | E75: Cantt 112 | F75: Lahore | G75: Pakistan | H75: 54810 | I75: Bronze | J75: 45160 | M75: =V75&" "&W75
A76: CUST-1093 | B76: Amelia Harris | C76: amelia.harris75@outlook.com | D76: +81 3 8901-2345 | E76: Shibuya 37-24-12 | F76: Tokyo | G76: Japan | H76: 150-0002 | I76: Gold | J76: 44477 | M76: =V76&" "&W76
A77: CUST-1094 | B77: Jessica Baker | C77: jessica.baker76@outlook.com | D77: +46 40 012 34 | E77: Stortorget 205 | F77: Malmö | G77: Sweden | H77: 211 34 | I77: Silver | J77: 44907 | M77: =V77&" "&W77
A78: CUST-1095 | B78: Mia Lewis | C78: mia.lewis77@yahoo.com | D78: +20 2 0123456 | E78: Dokki 104 | F78: Cairo | G78: Egypt | H78: 12311 | I78: Bronze | J78: 45135 | M78: =V78&" "&W78
A79: CUST-1096 | B79: Emma King | C79: emma.king78@gmail.com | D79: +34 93 901 23 45 | E79: Passeig de Gràcia 2000 | F79: Barcelona | G79: Spain | H79: 8008 | I79: Gold | J79: 44528 | M79: =V79&" "&W79
A80: CUST-1097 | B80: Peter Martin | C80: peter.martin79@hotmail.com | D80: +81 45 890-1234 | E80: Kanagawa 26-1-1 | F80: Yokohama | G80: Japan | H80: 220-0012 | I80: Silver | J80: 44832 | M80: =V80&" "&W80
A81: CUST-1098 | B81: Joshua Hill | C81: joshua.hill80@hotmail.com | D81: +34 91 234 56 78 | E81: Calle de Serrano 3700 | F81: Madrid | G81: Spain | H81: 28006 | I81: Bronze | J81: 45085 | M81: =V81&" "&W81
A82: CUST-1099 | B82: Hannah Anderson | C82: hannah.anderson81@gmail.com | D82: +49 30 890123 | E82: Friedrichstraße 170 | F82: Berlin | G82: Germany | H82: 10117 | I82: Gold | J82: 44552 | M82: =V82&" "&W82
A83: CUST-1100 | B83: Anthony Wright | C83: anthony.wright82@yahoo.com | D83: +1 (215) 555-7890 | E83: Market Street 1400 | F83: Philadelphia | G83: USA | H83: 19106 | I83: Silver | J83: 44842 | M83: =V83&" "&W83
A84: CUST-1101 | B84: William Anderson | C84: william.anderson83@yahoo.com | D84: +971 4 234 5678 | E84: Al Wasl Road 97 | F84: Dubai | G84: UAE | H84: 123456 | I84: Bronze | J84: 45061 | M84: =V84&" "&W84
A85: CUST-1102 | B85: Brian Robinson | C85: brian.robinson84@gmail.com | D85: +81 3 7890-1234 | E85: Chiyoda 36-1-1 | F85: Tokyo | G85: Japan | H85: 100-0001 | I85: Gold | J85: 44451 | M85: =V85&" "&W85
A86: CUST-1103 | B86: William Adams | C86: william.adams85@outlook.com | D86: +46 31 012 34 | E86: Kungsportsavenyn 210 | F86: Gothenburg | G86: Sweden | H86: 411 36 | I86: Silver | J86: 44883 | M86: =V86&" "&W86
A87: CUST-1104 | B87: Andrew Smith | C87: andrew.smith86@hotmail.com | D87: +20 2 9012345 | E87: Mohandessin 103 | F87: Cairo | G87: Egypt | H87: 12311 | I87: Bronze | J87: 45044 | M87: =V87&" "&W87
A88: CUST-1105 | B88: Amelia Johnson | C88: amelia.johnson87@gmail.com | D88: +34 93 890 12 34 | E88: Diagonal 3700 | F88: Barcelona | G88: Spain | H88: 8018 | I88: Gold | J88: 44481 | M88: =V88&" "&W88
A89: CUST-1106 | B89: John Rodriguez | C89: john.rodriguez88@hotmail.com | D89: +81 45 789-0123 | E89: Aoba-ku 24-1-1 | F89: Yokohama | G89: Japan | H89: 225-0001 | I89: Silver | J89: 44903 | M89: =V89&" "&W89
A90: CUST-1107 | B90: Mark Green | C90: mark.green89@hotmail.com | D90: +34 91 123 45 67 | E90: Calle de Goya 3600 | F90: Madrid | G90: Spain | H90: 28001 | I90: Bronze | J90: 45000 | M90: =V90&" "&W90
A91: CUST-1108 | B91: Amelia Martin | C91: amelia.martin90@yahoo.com | D91: +49 30 789012 | E91: Potsdamer Platz 150 | F91: Berlin | G91: Germany | H91: 10785 | I91: Gold | J91: 44522 | M91: =V91&" "&W91
A92: CUST-1109 | B92: Isabella Green | C92: isabella.green91@hotmail.com | D92: +1 (404) 555-7890 | E92: Peachtree Street 1500 | F92: Atlanta | G92: USA | H92: 30303 | I92: Silver | J92: 44819 | M92: =V92&" "&W92
A93: CUST-1110 | B93: Amelia Martin | C93: amelia.martin92@outlook.com | D93: +92 21 9012345 | E93: Clifton 112 | F93: Karachi | G93: Pakistan | H93: 75600 | I93: Bronze | J93: 44985 | M93: =V93&" "&W93
A94: CUST-1111 | B94: Isabella Clark | C94: isabella.clark93@outlook.com | D94: +81 3 6789-0123 | E94: Shibuya 36-24-12 | F94: Tokyo | G94: Japan | H94: 150-0002 | I94: Gold | J94: 44558 | M94: =V94&" "&W94
A95: CUST-1112 | B95: Olivia Johnson | C95: olivia.johnson94@hotmail.com | D95: +46 40 901 23 | E95: Stortorget 200 | F95: Malmö | G95: Sweden | H95: 211 34 | I95: Silver | J95: 44856 | M95: =V95&" "&W95
A96: CUST-1113 | B96: Chloe Adams | C96: chloe.adams95@gmail.com | D96: +20 2 8901234 | E96: Heliopolis 104 | F96: Cairo | G96: Egypt | H96: 11341 | I96: Bronze | J96: 44934 | M96: =V96&" "&W96
A97: CUST-1114 | B97: John Rodriguez | C97: john.rodriguez96@yahoo.com | D97: +34 93 789 01 23 | E97: Passeig de Gràcia 1950 | F97: Barcelona | G97: Spain | H97: 8008 | I97: Gold | J97: 44457 | M97: =V97&" "&W97
A98: CUST-1115 | B98: Sarah King | C98: sarah.king97@outlook.com | D98: +81 45 678-9012 | E98: Nishi-ku 25-1-1 | F98: Yokohama | G98: Japan | H98: 220-0001 | I98: Silver | J98: 44873 | M98: =V98&" "&W98
A99: CUST-1116 | B99: Hannah White | C99: hannah.white98@yahoo.com | D99: +34 91 012 34 56 | E99: Calle de Serrano 3600 | F99: Madrid | G99: Spain | H99: 28006 | I99: Bronze | J99: 45282 | M99: =V99&" "&W99
A100: CUST-1117 | B100: Lily Allen | C100: lily.allen99@yahoo.com | D100: +49 30 678901 | E100: Alexanderplatz 270 | F100: Berlin | G100: Germany | H100: 10178 | I100: Gold | J100: 44491 | M100: =V100&" "&W100
...

Sheet product
A1: Product_SKU | B1: Book_Title | C1: Author | D1: Retail_Price | E1: Category | F1: Loyalty_Card | G1: Membership_Type
A2: BK-782355 | B2: Forest Data | C2: Sophia Wilson | D2: 34.35 | E2: TECH | F2: Yes | G2: None
A3: BK-811569 | B3: Quantum Power | C3: Maria Lee | D3: 33.63 | E3: BUSINESS | F3: No | G3: Gold
A4: BK-799901 | B4: Mind Journey | C4: Lisa Lee | D4: 31.32 | E4: BUSINESS | F4: No | G4: Silver
A5: BK-735269 | B5: Journey Forest | C5: Sarah Taylor | D5: 30.46 | E5: BUSINESS | F5: No | G5: None
A6: BK-582215 | B6: Secrets Forest | C6: Emma Clark | D6: 31.45 | E6: BUSINESS | F6: No | G6: Silver
A7: BK-921200 | B7: Forest Silent | C7: Daniel Taylor | D7: 17.41 | E7: FICTION | F7: No | G7: None
A8: BK-110284 | B8: Data Mind | C8: Emma Clark | D8: 11.13 | E8: TECH | F8: Yes | G8: Silver
A9: BK-253635 | B9: Secrets Quantum | C9: Sophia Taylor | D9: 31.29 | E9: BUSINESS | F9: Yes | G9: None
A10: BK-633345 | B10: Secrets Data | C10: Michael Smith | D10: 10.51 | E10: BUSINESS | F10: Yes | G10: None
A11: BK-640596 | B11: Silent Future | C11: Daniel Park | D11: 23.32 | E11: FICTION | F11: Yes | G11: Silver
A12: BK-746815 | B12: Science Future | C12: David Taylor | D12: 39.22 | E12: TECH | F12: Yes | G12: Silver
A13: BK-664582 | B13: Secrets Data | C13: Sophia Walker | D13: 28.12 | E13: FICTION | F13: No | G13: Gold
... A983: BK-444961 | B983: Secrets Forest | C983: Emma Taylor | D983: 39.61 | E983: FICTION | F983: No | G983: Gold
A984: BK-523018 | B984: Quantum Mind | C984: Lisa Smith | D984: 34.06 | E984: BUSINESS

Sheet Pivot table 1
A2: Sum of Revenue | B2: Column Labels
A3: Row Labels | B3: BUSINESS | C3: FICTION | D3: HISTORY | E3: SCIENCE | F3: TECH | G3: Grand Total
A4: 2023
A5: janv | B5: 592.18 | C5: 290.97 | D5: 440.53 | E5: 350.78 | F5: 581.84 | G5: 2256.3
A6: févr | B6: 492.22 | C6: 364.62 | D6: 488.55 | E6: 706.38 | F6: 182.44 | G6: 2234.21
A7: mars | B7: 461.27 | C7: 373.34 | D7: 395.75 | E7: 397.21 | F7: 703.37 | G7: 2330.94
A8: avr | B8: 634.23 | C8: 292.76 | D8: 291.97 | E8: 385.28 | F8: 697.67 | G8: 2301.91
A9: mai | B9: 584.28 | C9: 440.3 | D9: 122.44 | E9: 829.8 | F9: 665.69 | G9: 2642.51
A10: juin | B10: 397.5 | C10: 260.08 | D10: 662.28 | E10: 403.9 | F10: 367.96 | G10: 2091.72
A11: juil | B11: 358.02 | C11: 526.86 | D11: 445.52 | E11: 389.11 | F11: 331.3 | G11: 2050.81
A12: août | B12: 406.43 | C12: 610.88 | D12: 527.96 | E12: 368.56 | F12: 757.25 | G12: 2671.08
A13: sept | B13: 127.52 | C13: 507.03 | D13: 804.08 | E13: 455.61 | F13: 519.01 | G13: 2413.25
A14: oct | B14: 671.97 | C14: 633.69 | D14: 358.88 | E14: 336.01 | F14: 307.16 | G14: 2307.71
A15: nov | B15: 484.62 | C15: 155.77 | D15: 352.19 | E15: 543.1 | F15: 748.58 | G15: 2284.26
A16: déc | B16: 341.55 | C16: 523.91 | D16: 638.47 | E16: 532.47 | F16: 278.29 | G16: 2314.69
A17: 2024
A18: janv | B18: 692.61 | C18: 417.62 | D18: 248.17 | E18: 436.73 | F18: 482.57 | G18: 2277.7
A19: févr | B19: 395.71 | C19: 446.29 | D19: 529.33 | E19: 599.49 | F19: 268.78 | G19: 2239.6
A20: mars | B20: 581.08 | C20: 743.16 | D20: 359.81 | E20: 349.78 | F20: 299.02 | G20: 2332.85
A21: avr | B21: 394.1 | C21: 682.06 | D21: 519.7 | E21: 437.83 | F21: 189.38 | G21: 2223.07
A22: mai | B22: 504.42 | C22: 386.76 | D22: 422.6 | E22: 681.89 | F22: 325.31 | G22: 2320.98
A23: juin | B23: 207.66 | C23: 683.85 | D23: 663.72 | E23: 266.17 | F23: 353.75 | G23: 2175.15
A24: juil | B24: 338.56 | C24: 487.45 | D24: 311.29 | E24: 539.86 | F24: 549.4 | G24: 2226.56
A25: août | B25: 400.64 | C25: 560.84 | D25: 334.84 | E25: 653.78 | F25: 247.43 | G25: 2197.53
A26: sept | B26: 373.59 | C26: 445.16 | D26: 454.11 | E26: 675.27 | F26: 90.32 | G26: 2038.45
A27: oct | B27: 151.08 | C27: 393.48 | D27: 702.9 | E27: 479.93 | F27: 605.82 | G27: 2333.21
A28: nov | B28: 462.95 | C28: 487.66 | D28: 489.6 | E28: 517.88 | F28: 296.35 | G28: 2254.44
A29: déc | B29: 298.55 | C29: 525.7 | D29: 542.69 | E29: 524.87 | F29: 417.66 | G29: 2309.47
A30: Grand Total | B30: 10352.74 | C30: 11240.24 | D30: 11107.38 | E30: 11861.69 | F30: 10266.35 | G30: 54828.4

Sheet Pivot table 2
A1: Row Labels | B1: Sum of Revenue
B2: 175.77
A3: Austria | B3: 25.21
A4: Bangladesh | B4: 122.21
A5: Brazil | B5: 79.88
A6: Canada | B6: 188.86
A7: Chile | B7: 29.66
A8: China | B8: 269.21
A9: Colombia | B9: 97.9
A10: Costa Rica | B10: 66.97
A11: Croatia | B11: 145.48
A12: Czech Republic | B12: 134.51
A13: Denmark | B13: 230.77
A14: Ecuador | B14: 31.32
... A54: Grand Total | B54: 54828.4

Sheet Pivot table 3
A1: Row Labels | B1: Sum of Revenue
A2: Future Science | B2: 985.61
A3: Power Journey | B3: 1026.17
A4: Power Silent | B4: 975.95
A5: Science Silent | B5: 1059.03
A6: Secrets Forest | B6: 1056.28
A7: Grand Total | B7: 5103.04

Sheet Dashboard
